atomicgo.dev/assert	v0.0.2
atomicgo.dev/cursor	v0.2.0
atomicgo.dev/keyboard	v0.2.9
atomicgo.dev/schedule	v0.1.0
cel.dev/expr	v0.25.1
cloud.google.com/go	v0.123.0
cloud.google.com/go/auth	v0.20.0
cloud.google.com/go/auth/oauth2adapt	v0.2.8
cloud.google.com/go/bigquery	v1.79.0
cloud.google.com/go/compute/metadata	v0.9.0
cloud.google.com/go/datacatalog	v1.32.0
cloud.google.com/go/iam	v1.11.0
cloud.google.com/go/kms	v1.31.0
cloud.google.com/go/logging	v1.18.0
cloud.google.com/go/longrunning	v1.2.0
cloud.google.com/go/monitoring	v1.29.0
cloud.google.com/go/pubsub	v1.50.4
cloud.google.com/go/pubsub/v2	v2.6.1
cloud.google.com/go/storage	v1.63.1
cloud.google.com/go/trace	v1.16.0
dario.cat/mergo	v1.0.2
github.com/AdaLogics/go-fuzz-headers	v0.0.0-20240806141605-e8a1dd7889d6
github.com/Azure/azure-sdk-for-go/sdk/azcore	v1.22.0
github.com/Azure/azure-sdk-for-go/sdk/azidentity	v1.14.0
github.com/Azure/azure-sdk-for-go/sdk/azidentity/cache	v0.4.0
github.com/Azure/azure-sdk-for-go/sdk/internal	v1.12.0
github.com/Azure/azure-sdk-for-go/sdk/resourcemanager/storage/armstorage	v1.8.1
github.com/Azure/azure-sdk-for-go/sdk/storage/azblob	v1.8.0
github.com/Azure/go-ansiterm	v0.0.0-20250102033503-faa5f7b0171c
github.com/AzureAD/microsoft-authentication-extensions-for-go/cache	v0.1.1
github.com/AzureAD/microsoft-authentication-library-for-go	v1.7.2
github.com/BurntSushi/toml	v1.6.0
github.com/GeorgeD19/json-logic-go	v0.0.0-20220225111652-48cc2d2c387e
github.com/GoogleCloudPlatform/opentelemetry-operations-go/detectors/gcp	v1.32.0
github.com/GoogleCloudPlatform/opentelemetry-operations-go/exporter/metric	v0.57.0
github.com/GoogleCloudPlatform/opentelemetry-operations-go/internal/cloudmock	v0.57.0
github.com/GoogleCloudPlatform/opentelemetry-operations-go/internal/resourcemapping	v0.57.0
github.com/IBM/sarama	v1.60.0
github.com/KyleBanks/depth	v1.2.1
github.com/MarvinJWendt/testza	v0.5.2
github.com/Microsoft/go-winio	v0.6.2
github.com/antlr4-go/antlr/v4	v4.13.0
github.com/apache/arrow/go/arrow	v0.0.0-20200730104253-651201b0f516
github.com/apache/arrow/go/v15	v15.0.2
github.com/apache/thrift	v0.23.1-0.20260429145742-d2acd3c49e58
github.com/atc0005/go-teams-notify/v2	v2.14.0
github.com/aws/aws-lambda-go	v1.54.0
github.com/aws/aws-sdk-go-v2	v1.42.1
github.com/aws/aws-sdk-go-v2/aws/protocol/eventstream	v1.7.14
github.com/aws/aws-sdk-go-v2/config	v1.32.30
github.com/aws/aws-sdk-go-v2/credentials	v1.19.29
github.com/aws/aws-sdk-go-v2/feature/ec2/imds	v1.18.30
github.com/aws/aws-sdk-go-v2/feature/s3/transfermanager	v0.3.2
github.com/aws/aws-sdk-go-v2/internal/configsources	v1.4.30
github.com/aws/aws-sdk-go-v2/internal/endpoints/v2	v2.7.30
github.com/aws/aws-sdk-go-v2/internal/v4a	v1.4.31
github.com/aws/aws-sdk-go-v2/service/internal/accept-encoding	v1.13.13
github.com/aws/aws-sdk-go-v2/service/internal/checksum	v1.9.23
github.com/aws/aws-sdk-go-v2/service/internal/presigned-url	v1.13.30
github.com/aws/aws-sdk-go-v2/service/internal/s3shared	v1.19.31
github.com/aws/aws-sdk-go-v2/service/kinesis	v1.45.1
github.com/aws/aws-sdk-go-v2/service/s3	v1.105.1
github.com/aws/aws-sdk-go-v2/service/signin	v1.4.1
github.com/aws/aws-sdk-go-v2/service/sqs	v1.45.1
github.com/aws/aws-sdk-go-v2/service/sso	v1.32.1
github.com/aws/aws-sdk-go-v2/service/ssooidc	v1.37.1
github.com/aws/aws-sdk-go-v2/service/sts	v1.44.1
github.com/aws/smithy-go	v1.27.3
github.com/awslabs/aws-lambda-go-api-proxy	v0.16.2
github.com/bahlo/generic-list-go	v0.2.0
github.com/beorn7/perks	v1.0.1
github.com/blang/semver	v3.5.1%2Bincompatible
github.com/blang/semver/v4	v4.0.0
github.com/bluele/gcache	v0.0.2
github.com/bsm/ginkgo/v2	v2.12.0
github.com/bsm/gomega	v1.27.10
github.com/buger/jsonparser	v1.1.2
github.com/cenkalti/backoff/v4	v4.3.0
github.com/cenkalti/backoff/v5	v5.0.3
github.com/cespare/xxhash/v2	v2.3.0
github.com/clipperhouse/uax29/v2	v2.7.0
github.com/cncf/xds/go	v0.0.0-20260202195803-dba9d589def2
github.com/containerd/console	v1.0.5
github.com/containerd/errdefs	v1.0.0
github.com/containerd/errdefs/pkg	v0.3.0
github.com/containerd/log	v0.1.0
github.com/containerd/platforms	v0.2.1
github.com/cpuguy83/dockercfg	v0.3.2
github.com/creack/pty	v1.1.24
github.com/dariubs/percent	v0.0.0-20190521174708-8153fcbd48ae
github.com/davecgh/go-spew	v1.1.2-0.20180830191138-d8f796af33cc
github.com/diegoholiveira/jsonlogic/v3	v3.10.1
github.com/distribution/reference	v0.6.0
github.com/docker/go-connections	v0.6.0
github.com/docker/go-units	v0.5.0
github.com/dustin/go-humanize	v1.0.1
github.com/eapache/go-resiliency	v1.7.0
github.com/ebitengine/purego	v0.10.0
github.com/emicklei/go-restful/v3	v3.13.0
github.com/envoyproxy/go-control-plane	v0.14.0
github.com/envoyproxy/go-control-plane/envoy	v1.37.0
github.com/envoyproxy/go-control-plane/ratelimit	v0.1.0
github.com/envoyproxy/protoc-gen-validate	v1.3.3
github.com/felixge/httpsnoop	v1.0.4
github.com/fsnotify/fsnotify	v1.9.0
github.com/fsouza/fake-gcs-server	v1.54.0
github.com/fxamacker/cbor/v2	v2.9.0
github.com/go-ini/ini	v1.67.0
github.com/go-jose/go-jose/v4	v4.1.4
github.com/go-logr/logr	v1.4.3
github.com/go-logr/stdr	v1.2.2
github.com/go-ole/go-ole	v1.2.6
github.com/go-openapi/jsonpointer	v0.21.0
github.com/go-openapi/jsonreference	v0.21.0
github.com/go-openapi/spec	v0.20.9
github.com/go-openapi/swag	v0.23.0
github.com/go-viper/mapstructure/v2	v2.5.0
github.com/goccy/go-json	v0.10.2
github.com/goccy/go-reflect	v1.2.0
github.com/gogo/googleapis	v1.4.1
github.com/gogo/protobuf	v1.3.2
github.com/golang-jwt/jwt/v5	v5.3.1
github.com/golang/groupcache	v0.0.0-20210331224755-41bb18bfe9da
github.com/golang/mock	v1.7.0-rc.1
github.com/golang/protobuf	v1.5.4
github.com/golang/snappy	v1.0.0
github.com/google/flatbuffers	v23.5.26%2Bincompatible
github.com/google/gnostic-models	v0.7.0
github.com/google/go-cmp	v0.7.0
github.com/google/martian/v3	v3.3.3
github.com/google/renameio/v2	v2.0.0
github.com/google/s2a-go	v0.1.9
github.com/google/uuid	v1.6.0
github.com/googleapis/enterprise-certificate-proxy	v0.3.17
github.com/googleapis/gax-go/v2	v2.23.0
github.com/gookit/assert	v0.1.1
github.com/gookit/color	v1.6.0
github.com/gorilla/handlers	v1.5.2
github.com/gorilla/mux	v1.8.1
github.com/gorilla/websocket	v1.5.4-0.20250319132907-e064f32e3674
github.com/grpc-ecosystem/grpc-gateway/v2	v2.29.0
github.com/hairyhenderson/rules	v0.0.0-20250704181428-58ee76134adc
github.com/hashicorp/go-uuid	v1.0.3
github.com/inconshreveable/mousetrap	v1.1.0
github.com/invopop/jsonschema	v0.14.0
github.com/jackc/pgpassfile	v1.0.0
github.com/jackc/pgservicefile	v0.0.0-20240606120523-5a60cdf6a761
github.com/jackc/pgx/v5	v5.10.0
github.com/jackc/puddle/v2	v2.2.2
github.com/jaegertracing/jaeger-idl	v0.9.0
github.com/jcmturner/aescts/v2	v2.0.0
github.com/jcmturner/dnsutils/v2	v2.0.0
github.com/jcmturner/gofork	v1.7.6
github.com/jcmturner/goidentity/v6	v6.0.1
github.com/jcmturner/gokrb5/v8	v8.4.4
github.com/jcmturner/rpc/v2	v2.0.3
github.com/jessevdk/go-flags	v1.6.1
github.com/josharian/intern	v1.0.0
github.com/json-iterator/go	v1.1.12
github.com/jsternberg/zap-logfmt	v1.3.0
github.com/klauspost/compress	v1.19.0
github.com/klauspost/cpuid/v2	v2.2.11
github.com/klauspost/crc32	v1.3.0
github.com/knadh/koanf/maps	v0.1.2
github.com/knadh/koanf/parsers/json	v1.0.0
github.com/knadh/koanf/parsers/toml	v0.1.0
github.com/knadh/koanf/parsers/yaml	v1.1.0
github.com/knadh/koanf/providers/confmap	v1.0.0
github.com/knadh/koanf/providers/env	v1.1.0
github.com/knadh/koanf/providers/file	v1.2.1
github.com/knadh/koanf/providers/posflag	v1.0.1
github.com/knadh/koanf/v2	v2.3.5
github.com/kr/pretty	v0.3.1
github.com/kr/text	v0.2.0
github.com/kylelemons/godebug	v1.1.0
github.com/labstack/echo-contrib	v0.50.1
github.com/labstack/echo/v4	v4.15.4
github.com/labstack/gommon	v0.5.0
github.com/lithammer/fuzzysearch	v1.1.8
github.com/luci/go-render	v0.0.0-20160219211803-9a04cc21af0f
github.com/lufia/plan9stats	v0.0.0-20211012122336-39d0f177ccd0
github.com/magiconair/properties	v1.8.10
github.com/mailru/easyjson	v0.7.7
github.com/mattn/go-colorable	v0.1.15
github.com/mattn/go-isatty	v0.0.22
github.com/mattn/go-runewidth	v0.0.20
github.com/mdelapenya/tlscert	v0.2.0
github.com/minio/crc64nvme	v1.1.1
github.com/minio/md5-simd	v1.1.2
github.com/minio/minio-go/v7	v7.0.98
github.com/mitchellh/copystructure	v1.2.0
github.com/mitchellh/reflectwalk	v1.0.2
github.com/moby/docker-image-spec	v1.3.1
github.com/moby/go-archive	v0.2.0
github.com/moby/moby/api	v1.54.2
github.com/moby/moby/client	v0.4.0
github.com/moby/patternmatcher	v0.6.1
github.com/moby/sys/sequential	v0.6.0
github.com/moby/sys/user	v0.4.0
github.com/moby/sys/userns	v0.1.0
github.com/moby/term	v0.5.2
github.com/modern-go/concurrent	v0.0.0-20180306012644-bacd9c7ef1dd
github.com/modern-go/reflect2	v1.0.3-0.20250322232337-35a7c28c31ee
github.com/montanaflynn/stats	v0.7.1
github.com/munnerz/goautoneg	v0.0.0-20191010083416-a7dc8b61c822
github.com/nikunjy/rules	v1.5.0
github.com/nxadm/tail	v1.4.11
github.com/onsi/ginkgo	v1.16.5
github.com/onsi/gomega	v1.27.7
github.com/open-feature/go-sdk	v1.17.2
github.com/open-feature/go-sdk-contrib/providers/go-feature-flag	v1.1.1
github.com/open-feature/go-sdk-contrib/providers/ofrep	v0.1.7
github.com/opencontainers/go-digest	v1.0.0
github.com/opencontainers/image-spec	v1.1.1
github.com/pablor21/echo-etag/v4	v4.0.5
github.com/pb33f/ordered-map/v2	v2.3.1
github.com/pelletier/go-toml	v1.9.5
github.com/philhofer/fwd	v1.2.0
github.com/pierrec/lz4/v4	v4.1.27
github.com/pkg/browser	v0.0.0-20240102092130-5ac0b6a4141c
github.com/pkg/errors	v0.9.1
github.com/pkg/xattr	v0.4.12
github.com/planetscale/vtprotobuf	v0.6.1-0.20240319094008-0393e58bdf10
github.com/pmezard/go-difflib	v1.0.1-0.20181226105442-5d4384ee4fb2
github.com/power-devops/perfstat	v0.0.0-20240221224432-82ca36839d55
github.com/prometheus/client_golang	v1.23.2
github.com/prometheus/client_model	v0.6.2
github.com/prometheus/common	v0.70.0
github.com/prometheus/otlptranslator	v1.0.0
github.com/prometheus/procfs	v0.21.0
github.com/pterm/pterm	v0.12.83
github.com/r3labs/diff/v3	v3.0.2
github.com/r3labs/sse/v2	v2.10.0
github.com/rcrowley/go-metrics	v0.0.0-20250401214520-65e299d6c5c9
github.com/redis/go-redis/v9	v9.21.0
github.com/rogpeppe/go-internal	v1.13.1
github.com/rogpeppe/go-internal	v1.14.1
github.com/rs/xid	v1.6.0
github.com/rudderlabs/parquet-go	v0.0.3
github.com/samber/lo	v1.53.0
github.com/samber/slog-common	v0.21.0
github.com/samber/slog-zap/v2	v2.7.0
github.com/sergi/go-diff	v1.2.0
github.com/shirou/gopsutil/v4	v4.26.5
github.com/sirupsen/logrus	v1.9.4
github.com/spf13/cast	v1.3.0
github.com/spf13/cobra	v1.10.2
github.com/spf13/pflag	v1.0.10
github.com/spiffe/go-spiffe/v2	v2.6.0
github.com/stretchr/objx	v0.5.3
github.com/stretchr/testify	v1.11.1
github.com/sv-tools/openapi	v0.2.1
github.com/swaggo/echo-swagger	v1.5.2
github.com/swaggo/files/v2	v2.0.0
github.com/swaggo/swag	v1.16.6
github.com/swaggo/swag/v2	v2.0.0-rc4
github.com/testcontainers/testcontainers-go	v0.43.0
github.com/testcontainers/testcontainers-go/modules/azure	v0.43.0
github.com/testcontainers/testcontainers-go/modules/mongodb	v0.43.0
github.com/testcontainers/testcontainers-go/modules/postgres	v0.43.0
github.com/testcontainers/testcontainers-go/modules/redis	v0.43.0
github.com/thejerf/slogassert	v0.3.4
github.com/thomaspoignant/go-feature-flag/.github/ci-scripts/bump-wasm-contrib	
github.com/thomaspoignant/go-feature-flag/cmd/wasm	
github.com/thomaspoignant/go-feature-flag/examples/lint_flag_programmatically	
github.com/thomaspoignant/go-feature-flag/modules/core	
github.com/thomaspoignant/go-feature-flag/modules/core	v0.1.4
github.com/thomaspoignant/go-feature-flag/modules/core	v0.7.2
github.com/thomaspoignant/go-feature-flag/openfeature/provider_tests/go-integration-tests	
github.com/thomaspoignant/go-feature-flag/website/.ci	
github.com/tinylib/msgp	v1.6.1
github.com/tklauser/go-sysconf	v0.3.16
github.com/tklauser/numcpus	v0.11.0
github.com/valyala/bytebufferpool	v1.0.0
github.com/valyala/fasttemplate	v1.2.2
github.com/vmihailenco/msgpack/v5	v5.4.1
github.com/vmihailenco/tagparser/v2	v2.0.0
github.com/x448/float16	v0.8.4
github.com/xdg-go/pbkdf2	v1.0.0
github.com/xdg-go/scram	v1.2.0
github.com/xdg-go/stringprep	v1.0.4
github.com/xitongsys/parquet-go-source	v0.0.0-20230830030807-0dd610dbff1d
github.com/xo/terminfo	v0.0.0-20220910002029-abceb7e1c41e
github.com/youmark/pkcs8	v0.0.0-20240726163527-a2c0da244d78
github.com/yusufpapurcu/wmi	v1.2.4
github.com/zeebo/assert	v1.3.0
github.com/zeebo/xxh3	v1.1.0
go.einride.tech/aip	v0.83.0
go.mongodb.org/mongo-driver	v1.17.9
go.opencensus.io	v0.24.0
go.opentelemetry.io/auto/sdk	v1.2.1
go.opentelemetry.io/contrib/bridges/prometheus	v0.69.0
go.opentelemetry.io/contrib/detectors/gcp	v1.43.0
go.opentelemetry.io/contrib/exporters/autoexport	v0.69.0
go.opentelemetry.io/contrib/instrumentation/github.com/labstack/echo/otelecho	v0.69.0
go.opentelemetry.io/contrib/instrumentation/google.golang.org/grpc/otelgrpc	v0.68.0
go.opentelemetry.io/contrib/instrumentation/net/http/otelhttp	v0.67.0
go.opentelemetry.io/contrib/propagators/b3	v1.44.0
go.opentelemetry.io/contrib/samplers/jaegerremote	v0.37.1
go.opentelemetry.io/otel	v1.44.0
go.opentelemetry.io/otel/exporters/otlp/otlplog/otlploggrpc	v0.20.0
go.opentelemetry.io/otel/exporters/otlp/otlplog/otlploghttp	v0.20.0
go.opentelemetry.io/otel/exporters/otlp/otlpmetric/otlpmetricgrpc	v1.44.0
go.opentelemetry.io/otel/exporters/otlp/otlpmetric/otlpmetrichttp	v1.44.0
go.opentelemetry.io/otel/exporters/otlp/otlptrace	v1.44.0
go.opentelemetry.io/otel/exporters/otlp/otlptrace/otlptracegrpc	v1.44.0
go.opentelemetry.io/otel/exporters/otlp/otlptrace/otlptracehttp	v1.44.0
go.opentelemetry.io/otel/exporters/prometheus	v0.66.0
go.opentelemetry.io/otel/exporters/stdout/stdoutlog	v0.20.0
go.opentelemetry.io/otel/exporters/stdout/stdoutmetric	v1.44.0
go.opentelemetry.io/otel/exporters/stdout/stdouttrace	v1.44.0
go.opentelemetry.io/otel/log	v0.20.0
go.opentelemetry.io/otel/metric	v1.44.0
go.opentelemetry.io/otel/metric/x	v0.66.0
go.opentelemetry.io/otel/sdk	v1.44.0
go.opentelemetry.io/otel/sdk/log	v0.20.0
go.opentelemetry.io/otel/sdk/log/logtest	v0.20.0
go.opentelemetry.io/otel/sdk/metric	v1.44.0
go.opentelemetry.io/otel/trace	v1.44.0
go.opentelemetry.io/proto/otlp	v1.10.0
go.uber.org/atomic	v1.11.0
go.uber.org/goleak	v1.3.0
go.uber.org/mock	v0.6.0
go.uber.org/multierr	v1.11.0
go.uber.org/zap	v1.28.0
go.yaml.in/yaml/v2	v2.4.4
go.yaml.in/yaml/v3	v3.0.4
go.yaml.in/yaml/v4	v4.0.0-rc.2
golang.org/x/crypto	v0.54.0
golang.org/x/exp	v0.0.0-20240506185415-9bf2ced13842
golang.org/x/exp	v0.0.0-20240719175910-8a7402abbf56
golang.org/x/mod	v0.37.0
golang.org/x/net	v0.57.0
golang.org/x/oauth2	v0.36.0
golang.org/x/sync	v0.22.0
golang.org/x/sys	v0.47.0
golang.org/x/telemetry	v0.0.0-20260625142307-59b4966ccb57
golang.org/x/term	v0.45.0
golang.org/x/text	v0.35.0
golang.org/x/text	v0.40.0
golang.org/x/time	v0.15.0
golang.org/x/tools	v0.47.0
golang.org/x/xerrors	v0.0.0-20240903120638-7835f813f4da
gonum.org/v1/gonum	v0.17.0
google.golang.org/api	v0.288.0
google.golang.org/genproto	v0.0.0-20260519071638-aa98bba5eb94
google.golang.org/genproto/googleapis/api	v0.0.0-20260630182238-925bb5da69e7
google.golang.org/genproto/googleapis/rpc	v0.0.0-20260630182238-925bb5da69e7
google.golang.org/grpc	v1.82.0
google.golang.org/protobuf	v1.36.12-0.20260120151049-f2248ac996af
gopkg.in/cenkalti/backoff.v1	v1.1.0
gopkg.in/check.v1	v1.0.0-20201130134442-10cb98267c6c
gopkg.in/evanphx/json-patch.v4	v4.13.0
gopkg.in/inf.v0	v0.9.1
gopkg.in/tomb.v1	v1.0.0-20141024135613-dd632973f1e7
gopkg.in/yaml.v2	v2.4.0
gopkg.in/yaml.v3	v3.0.1
gotest.tools/v3	v3.5.2
k8s.io/api	v0.36.2
k8s.io/apimachinery	v0.36.2
k8s.io/client-go	v0.36.2
k8s.io/klog/v2	v2.140.0
k8s.io/kube-openapi	v0.0.0-20260317180543-43fb72c5454a
k8s.io/utils	v0.0.0-20260210185600-b8788abfbbc2
pgregory.net/rapid	v1.2.0
sigs.k8s.io/json	v0.0.0-20250730193827-2d320260d730
sigs.k8s.io/randfill	v1.0.0
sigs.k8s.io/structured-merge-diff/v6	v6.3.2
sigs.k8s.io/yaml	v1.6.0
