cloud.google.com/go	v0.76.0
cloud.google.com/go/bigquery	v1.8.0
cloud.google.com/go/datastore	v1.1.0
cloud.google.com/go/pubsub	v1.10.0
cloud.google.com/go/storage	v1.10.0
dmitri.shuralyov.com/gpu/mtl	v0.0.0-20190408044501-666a987793e9
github.com/BurntSushi/toml	v0.3.1
github.com/BurntSushi/xgb	v0.0.0-20160522181843-27f122750802
github.com/RichardKnop/logging	v0.0.0-20190827224416-1a693bdd4fae
github.com/aws/aws-sdk-go	v1.55.6
github.com/bradfitz/gomemcache	v0.0.0-20190913173617-a41fca850d0b
github.com/bsm/ginkgo/v2	v2.7.0
github.com/bsm/gomega	v1.26.0
github.com/census-instrumentation/opencensus-proto	v0.2.1
github.com/cespare/xxhash/v2	v2.2.0
github.com/chzyer/logex	v1.1.10
github.com/chzyer/readline	v0.0.0-20180603132655-2972be24d48e
github.com/chzyer/test	v0.0.0-20180213035817-a1ea475d72b1
github.com/client9/misspell	v0.3.4
github.com/cncf/udpa/go	v0.0.0-20201120205902-5459f2c99403
github.com/cpuguy83/go-md2man/v2	v2.0.0
github.com/davecgh/go-spew	v1.1.1
github.com/dgryski/go-rendezvous	v0.0.0-20200823014737-9f7001d12a5f
github.com/envoyproxy/go-control-plane	v0.9.9-0.20201210154907-fd9021fe5dad
github.com/envoyproxy/protoc-gen-validate	v0.1.0
github.com/fsnotify/fsnotify	v1.4.9
github.com/go-gl/glfw	v0.0.0-20190409004039-e6da0acd62b1
github.com/go-gl/glfw/v3.3/glfw	v0.0.0-20200222043503-6f7a984d4dc4
github.com/go-redis/redis	v6.15.9+incompatible
github.com/go-redis/redis/v7	v7.4.0
github.com/go-redis/redis/v8	v8.11.4
github.com/go-redsync/redsync/v4	v4.8.1
github.com/go-task/slim-sprig	v0.0.0-20210107165309-348f09dbbbc0
github.com/golang/glog	v0.0.0-20160126235308-23def4e6c14b
github.com/golang/groupcache	v0.0.0-20200121045136-8c9f03a8e57e
github.com/golang/mock	v1.4.4
github.com/golang/protobuf	v1.5.2
github.com/golang/snappy	v0.0.4
github.com/gomodule/redigo	v1.9.2
github.com/google/btree	v1.0.0
github.com/google/go-cmp	v0.6.0
github.com/google/martian	v2.1.0+incompatible
github.com/google/martian/v3	v3.1.0
github.com/google/pprof	v0.0.0-20210122040257-d980be63207e
github.com/google/renameio	v0.1.0
github.com/google/uuid	v1.2.0
github.com/googleapis/gax-go/v2	v2.0.5
github.com/hashicorp/errwrap	v1.1.0
github.com/hashicorp/go-multierror	v1.1.1
github.com/hashicorp/golang-lru	v0.5.1
github.com/hpcloud/tail	v1.0.0
github.com/ianlancetaylor/demangle	v0.0.0-20200824232613-28f6c0f3b639
github.com/jmespath/go-jmespath	v0.4.0
github.com/jmespath/go-jmespath/internal/testify	v1.5.1
github.com/jstemmer/go-junit-report	v0.9.1
github.com/kelseyhightower/envconfig	v1.4.0
github.com/kisielk/gotool	v1.0.0
github.com/klauspost/compress	v1.13.6
github.com/kr/pretty	v0.1.0
github.com/kr/pty	v1.1.1
github.com/kr/text	v0.1.0
github.com/montanaflynn/stats	v0.7.1
github.com/nxadm/tail	v1.4.8
github.com/onsi/ginkgo	v1.16.4
github.com/onsi/gomega	v1.16.0
github.com/opentracing/opentracing-go	v1.2.0
github.com/pkg/errors	v0.9.1
github.com/pmezard/go-difflib	v1.0.0
github.com/prometheus/client_model	v0.0.0-20190812154241-14fe0d1b01d4
github.com/rabbitmq/amqp091-go	v1.9.0
github.com/redis/go-redis/v9	v9.0.5
github.com/robfig/cron/v3	v3.0.1
github.com/rogpeppe/go-internal	v1.3.0
github.com/russross/blackfriday/v2	v2.1.0
github.com/shurcooL/sanitized_anchor_name	v1.0.0
github.com/stretchr/objx	v0.5.0
github.com/stretchr/testify	v1.8.4
github.com/stvp/tempredis	v0.0.0-20181119212430-b82af8480203
github.com/urfave/cli	v1.22.5
github.com/xdg-go/pbkdf2	v1.0.0
github.com/xdg-go/scram	v1.1.2
github.com/xdg-go/stringprep	v1.0.4
github.com/youmark/pkcs8	v0.0.0-20240726163527-a2c0da244d78
github.com/yuin/goldmark	v1.4.13
go.mongodb.org/mongo-driver	v1.17.0
go.opencensus.io	v0.22.6
go.uber.org/goleak	v1.2.1
golang.org/x/crypto	v0.26.0
golang.org/x/exp	v0.0.0-20200224162631-6cc2880d07d6
golang.org/x/image	v0.0.0-20190802002840-cff245a6509b
golang.org/x/lint	v0.0.0-20201208152925-83fdc39ff7b5
golang.org/x/mobile	v0.0.0-20190719004257-d2bd2a29d028
golang.org/x/mod	v0.17.0
golang.org/x/net	v0.25.0
golang.org/x/oauth2	v0.0.0-20210201163806-010130855d6c
golang.org/x/sync	v0.8.0
golang.org/x/sys	v0.23.0
golang.org/x/telemetry	v0.0.0-20240228155512-f48c80bd79b2
golang.org/x/term	v0.23.0
golang.org/x/text	v0.17.0
golang.org/x/time	v0.0.0-20201208040808-7e3f01d25324
golang.org/x/tools	v0.21.1-0.20240508182429-e35e4ccd0d2d
golang.org/x/xerrors	v0.0.0-20200804184101-5ec99f83aff1
google.golang.org/api	v0.39.0
google.golang.org/appengine	v1.6.7
google.golang.org/genproto	v0.0.0-20210207032614-bba0dbe2a9ea
google.golang.org/grpc	v1.35.0
google.golang.org/protobuf	v1.26.0
gopkg.in/check.v1	v1.0.0-20190902080502-41f04d3bba15
gopkg.in/errgo.v2	v2.1.0
gopkg.in/fsnotify.v1	v1.4.7
gopkg.in/tomb.v1	v1.0.0-20141024135613-dd632973f1e7
gopkg.in/yaml.v2	v2.4.0
gopkg.in/yaml.v3	v3.0.1
honnef.co/go/tools	v0.0.1-2020.1.4
rsc.io/binaryregexp	v0.2.0
rsc.io/quote/v3	v3.1.0
rsc.io/sampler	v1.3.0
