cloud.google.com/go	v0.123.0
cloud.google.com/go/auth	v0.20.0
cloud.google.com/go/auth/oauth2adapt	v0.2.8
cloud.google.com/go/compute/metadata	v0.9.0
cloud.google.com/go/firestore	v1.21.0
cloud.google.com/go/longrunning	v0.8.0
code.gitea.io/sdk/gitea	v0.15.1-0.20220530220844-359c771ce3d2
contrib.go.opencensus.io/exporter/jaeger	v0.2.1
contrib.go.opencensus.io/exporter/prometheus	v0.4.2
dario.cat/mergo	v1.0.1
github.com/BurntSushi/toml	v1.4.0
github.com/BurntSushi/toml	v1.5.0
github.com/CycloneDX/cyclonedx-go	v0.9.3
github.com/Masterminds/semver	v1.5.0
github.com/Masterminds/semver/v3	v3.2.1
github.com/ProtonMail/go-crypto	v1.2.0
github.com/RackSec/srslog	v0.0.0-20180709174129-a4725f04ec91
github.com/SSSaaS/sssa-golang	v0.0.0-20170502204618-d37d7782d752
github.com/Shopify/sarama	v1.36.0
github.com/andybalholm/brotli	v1.1.1
github.com/andygrunwald/go-gerrit	v0.0.0-20181207071854-19ef3e9332a4
github.com/antlr/antlr4/runtime/Go/antlr/v4	v4.0.0-20230321174746-8dcc6526cfb1
github.com/aokoli/goutils	v1.1.1
github.com/armon/go-metrics	v0.4.1
github.com/aws/aws-sdk-go	v1.55.5
github.com/beorn7/perks	v1.0.1
github.com/blang/semver	v3.5.1%2Bincompatible
github.com/buger/goterm	v0.0.0-20170918171949-d443b9114f9c
github.com/buger/jsonparser	v1.1.1
github.com/cespare/xxhash/v2	v2.3.0
github.com/chartmuseum/helm-push	v0.10.4
github.com/chzyer/readline	v0.0.0-20180603132655-2972be24d48e
github.com/cloudflare/circl	v1.6.3
github.com/codegangsta/cli	v1.20.0
github.com/containerd/containerd	v1.7.11
github.com/containerd/log	v0.1.0
github.com/coreos/go-oidc	v2.2.1%2Bincompatible
github.com/coreos/go-semver	v0.3.1
github.com/coreos/go-systemd/v22	v22.5.0
github.com/cpuguy83/go-md2man/v2	v2.0.5
github.com/cpuguy83/go-md2man/v2	v2.0.7
github.com/cyphar/filepath-securejoin	v0.6.1
github.com/davecgh/go-spew	v1.1.2-0.20180830191138-d8f796af33cc
github.com/defensestation/osquery	v1.0.0
github.com/dgryski/go-rendezvous	v0.0.0-20200823014737-9f7001d12a5f
github.com/distribution/reference	v0.5.0
github.com/docker/cli	v26.1.5%2Bincompatible
github.com/docker/distribution	v2.8.3%2Bincompatible
github.com/docker/docker	v26.1.5%2Bincompatible
github.com/docker/docker-credential-helpers	v0.7.0
github.com/docker/go-connections	v0.5.0
github.com/docker/go-metrics	v0.0.1
github.com/docker/go-units	v0.5.0
github.com/dsnet/compress	v0.0.2-0.20210315054119-f66993602bf5
github.com/dustin/go-humanize	v1.0.1
github.com/eapache/go-resiliency	v1.3.0
github.com/eapache/go-xerial-snappy	v0.0.0-20180814174437-776d5712da21
github.com/eapache/queue	v1.1.0
github.com/emicklei/go-restful/v3	v3.11.0
github.com/emirpasic/gods	v1.18.1
github.com/evanphx/json-patch	v5.7.0%2Bincompatible
github.com/fatih/color	v1.18.0
github.com/fatih/structs	v1.1.0
github.com/felixge/httpsnoop	v1.0.4
github.com/forPelevin/gomoji	v1.3.0
github.com/fsamin/go-dump	v1.8.0
github.com/fsamin/go-repo	v0.11.1
github.com/fsamin/go-shredder	v0.0.0-20180118184739-b2488aedb5be
github.com/fsamin/smtp	v0.0.0-20190904085838-54a7c428d4f9
github.com/fsnotify/fsnotify	v1.7.0
github.com/fujiwara/shapeio	v0.0.0-20170602072123-c073257dd745
github.com/ghodss/yaml	v1.0.0
github.com/go-errors/errors	v1.4.2
github.com/go-git/gcfg	v1.5.1-0.20230307220236-3a3c6141e376
github.com/go-git/go-billy/v5	v5.9.0
github.com/go-git/go-git/v5	v5.19.0
github.com/go-gorp/gorp	v2.0.0%2Bincompatible
github.com/go-gorp/gorp	v2.2.0%2Bincompatible
github.com/go-gorp/gorp/v3	v3.1.0
github.com/go-kit/log	v0.2.1
github.com/go-logfmt/logfmt	v0.5.1
github.com/go-logr/logr	v1.4.3
github.com/go-logr/stdr	v1.2.2
github.com/go-openapi/jsonpointer	v0.19.6
github.com/go-openapi/jsonreference	v0.20.2
github.com/go-openapi/swag	v0.22.3
github.com/gobwas/glob	v0.2.3
github.com/gofrs/uuid	v4.4.0%2Bincompatible
github.com/gogo/protobuf	v1.3.2
github.com/golang-jwt/jwt/v4	v4.5.2
github.com/golang/groupcache	v0.0.0-20241129210726-2c02b8208cf8
github.com/golang/protobuf	v1.5.4
github.com/golang/snappy	v0.0.4
github.com/google/btree	v1.0.1
github.com/google/gnostic-models	v0.6.8
github.com/google/go-querystring	v1.0.0
github.com/google/gofuzz	v1.2.0
github.com/google/jsonschema-go	v0.4.2
github.com/google/s2a-go	v0.1.9
github.com/google/shlex	v0.0.0-20191202100458-e7afc7fbc510
github.com/google/uuid	v1.6.0
github.com/googleapis/enterprise-certificate-proxy	v0.3.14
github.com/googleapis/gax-go/v2	v2.21.0
github.com/gookit/color	v1.6.0
github.com/gophercloud/gophercloud	v0.1.0
github.com/gorhill/cronexpr	v0.0.0-20161205141322-d520615e531a
github.com/gorilla/handlers	v1.5.1
github.com/gorilla/mux	v1.8.0
github.com/gorilla/websocket	v1.5.0
github.com/gregjones/httpcache	v0.0.0-20180305231024-9cad4c3443a7
github.com/hashicorp/consul/api	v1.25.1
github.com/hashicorp/errwrap	v1.1.0
github.com/hashicorp/go-cleanhttp	v0.5.2
github.com/hashicorp/go-hclog	v1.6.3
github.com/hashicorp/go-immutable-radix	v1.3.1
github.com/hashicorp/go-multierror	v1.1.1
github.com/hashicorp/go-retryablehttp	v0.7.7
github.com/hashicorp/go-rootcerts	v1.0.2
github.com/hashicorp/go-secure-stdlib/parseutil	v0.1.6
github.com/hashicorp/go-secure-stdlib/strutil	v0.1.2
github.com/hashicorp/go-sockaddr	v1.0.2
github.com/hashicorp/go-uuid	v1.0.3
github.com/hashicorp/go-version	v1.7.0
github.com/hashicorp/golang-lru	v0.5.4
github.com/hashicorp/hcl	v1.0.0
github.com/hashicorp/serf	v0.10.1
github.com/hashicorp/vault/api	v1.0.4
github.com/hashicorp/vault/sdk	v0.8.1
github.com/huandu/xstrings	v1.4.0
github.com/iancoleman/orderedmap	v0.3.0
github.com/imdario/mergo	v0.3.13
github.com/inconshreveable/go-update	v0.0.0-20160112193335-8152e7eb6ccf
github.com/jbenet/go-context	v0.0.0-20150711004518-d14ea06fba99
github.com/jcmturner/aescts/v2	v2.0.0
github.com/jcmturner/dnsutils/v2	v2.0.0
github.com/jcmturner/gofork	v1.7.6
github.com/jcmturner/gokrb5/v8	v8.4.3
github.com/jcmturner/rpc/v2	v2.0.3
github.com/jedib0t/go-pretty/v6	v6.2.2
github.com/jfrog/archiver/v3	v3.6.1
github.com/jfrog/build-info-go	v1.13.0
github.com/jfrog/gofrog	v1.7.6
github.com/jfrog/jfrog-cli	v1.52.0
github.com/jfrog/jfrog-cli-core	v1.10.0
github.com/jfrog/jfrog-cli-core/v2	v2.4.1
github.com/jfrog/jfrog-client-go	v1.55.0
github.com/jmespath/go-jmespath	v0.4.0
github.com/jordan-wright/email	v4.0.1-0.20200917010138-e1c00e156980%2Bincompatible
github.com/josharian/intern	v1.0.0
github.com/json-iterator/go	v1.1.12
github.com/juju/ansiterm	v0.0.0-20180109212912-720a0952cc2a
github.com/kardianos/osext	v0.0.0-20170510131534-ae77be60afb1
github.com/kballard/go-shellquote	v0.0.0-20180428030007-95032a82bc51
github.com/kevinburke/ssh_config	v1.2.0
github.com/keybase/go-crypto	v0.0.0-20181127160227-255a5089e85a
github.com/keybase/go-keychain	v0.0.0-20190828020956-aa639f275ae1
github.com/keybase/go.dbus	v0.0.0-20190710215703-a33a09c8a604
github.com/klauspost/compress	v1.17.11
github.com/klauspost/cpuid/v2	v2.3.0
github.com/klauspost/pgzip	v1.2.6
github.com/labstack/echo/v4	v4.13.3
github.com/labstack/gommon	v0.4.2
github.com/lib/pq	v1.10.9
github.com/liggitt/tabwriter	v0.0.0-20181228230101-89fcab3d43de
github.com/lunixbochs/vtclean	v0.0.0-20180621232353-2d01aacdc34a
github.com/magiconair/properties	v1.8.7
github.com/mailru/easyjson	v0.7.7
github.com/manifoldco/promptui	v0.8.0
github.com/maruel/panicparse/v2	v2.2.2
github.com/maruel/panicparse/v2	v2.3.1
github.com/mattn/go-colorable	v0.1.13
github.com/mattn/go-isatty	v0.0.20
github.com/mattn/go-runewidth	v0.0.9
github.com/mattn/go-shellwords	v1.0.3
github.com/mattn/go-zglob	v0.0.4
github.com/matttproud/golang_protobuf_extensions	v1.0.4
github.com/mcuadros/go-defaults	v0.0.0-20161116231230-e1c978be3307
github.com/mgutz/ansi	v0.0.0-20200706080929-d51e80ef957d
github.com/mholt/archiver/v3	v3.5.1
github.com/minio/sha256-simd	v1.0.1
github.com/miscreant/miscreant.go	v0.0.0-20200214223636-26d376326b75
github.com/mitchellh/copystructure	v1.2.0
github.com/mitchellh/hashstructure	v0.0.0-20170609045927-2bca23e0e452
github.com/mitchellh/hashstructure	v1.1.0
github.com/mitchellh/mapstructure	v1.5.0
github.com/mitchellh/reflectwalk	v1.0.2
github.com/moby/docker-image-spec	v1.3.1
github.com/moby/locker	v1.0.1
github.com/moby/moby	v26.1.5%2Bincompatible
github.com/moby/term	v0.5.0
github.com/modelcontextprotocol/go-sdk	v1.4.1
github.com/modern-go/concurrent	v0.0.0-20180306012644-bacd9c7ef1dd
github.com/modern-go/reflect2	v1.0.2
github.com/monochromegane/go-gitignore	v0.0.0-20200626010858-205db1a8cc00
github.com/morikuni/aec	v1.0.0
github.com/mum4k/termdash	v0.10.0
github.com/munnerz/goautoneg	v0.0.0-20191010083416-a7dc8b61c822
github.com/nats-io/nats.go	v1.31.0
github.com/nats-io/nkeys	v0.4.6
github.com/nats-io/nuid	v1.0.1
github.com/nbutton23/zxcvbn-go	v0.0.0-20180912185939-ae427f1e4c1d
github.com/ncw/swift	v1.0.52
github.com/nsf/termbox-go	v0.0.0-20190817171036-93860e161317
github.com/nwaples/rardecode	v1.1.3
github.com/olekukonko/tablewriter	v0.0.5
github.com/olivere/elastic/v7	v7.0.32
github.com/opencontainers/go-digest	v1.0.0
github.com/opencontainers/image-spec	v1.1.0
github.com/opensearch-project/opensearch-go	v1.1.0
github.com/opensearch-project/opensearch-go/v4	v4.2.0
github.com/ovh/cds/sdk/interpolate	v0.0.0-20190319104452-71125b036b25
github.com/ovh/configstore	v0.6.2
github.com/ovh/symmecrypt	v0.6.1
github.com/patrickmn/go-cache	v2.1.0%2Bincompatible
github.com/pborman/uuid	v1.2.0
github.com/pborman/uuid	v1.2.1
github.com/pelletier/go-toml	v1.9.5
github.com/pelletier/go-toml/v2	v2.1.0
github.com/peterbourgon/diskv	v2.0.1%2Bincompatible
github.com/pierrec/lz4	v2.6.1%2Bincompatible
github.com/pierrec/lz4/v4	v4.1.22
github.com/pjbgf/sha1cd	v0.6.0
github.com/pkg/browser	v0.0.0-20170505125900-c90ca0c84f15
github.com/pkg/errors	v0.9.1
github.com/pmezard/go-difflib	v1.0.1-0.20181226105442-5d4384ee4fb2
github.com/pquerna/cachecontrol	v0.0.0-20200819021114-67c6ae64274f
github.com/prometheus/client_golang	v1.16.0
github.com/prometheus/client_model	v0.4.0
github.com/prometheus/common	v0.44.0
github.com/prometheus/procfs	v0.10.1
github.com/prometheus/statsd_exporter	v0.22.7
github.com/rasky/go-xdr	v0.0.0-20170124162913-1a41d1a06c93
github.com/rcrowley/go-metrics	v0.0.0-20201227073835-cf1acfcdf475
github.com/redis/go-redis/v9	v9.5.4
github.com/rivo/uniseg	v0.4.7
github.com/rockbears/log	v0.12.0
github.com/rockbears/yaml	v0.4.0
github.com/rubenv/sql-migrate	v1.5.2
github.com/russross/blackfriday/v2	v2.1.0
github.com/ryanuber/go-glob	v1.0.0
github.com/sagikazarmark/crypt	v0.17.0
github.com/sagikazarmark/slog-shim	v0.1.0
github.com/segmentio/asm	v1.1.3
github.com/segmentio/encoding	v0.5.4
github.com/sergi/go-diff	v1.3.2-0.20230802210424-5b0b94c5c0d3
github.com/sguiheux/go-coverage	v0.0.0-20190710153556-287b082a7197
github.com/sguiheux/jsonschema	v0.0.0-20240314085137-97ecc280683c
github.com/sirupsen/logrus	v1.9.3
github.com/skeema/knownhosts	v1.3.1
github.com/spf13/afero	v1.11.0
github.com/spf13/cast	v1.5.1
github.com/spf13/cast	v1.6.0
github.com/spf13/cobra	v1.8.0
github.com/spf13/pflag	v1.0.5
github.com/spf13/viper	v1.18.2
github.com/srerickson/checksum	v0.10.0
github.com/streadway/amqp	v0.0.0-20180528204448-e5adc2ada8b8
github.com/stretchr/testify	v1.11.1
github.com/studio-b12/gowebdav	v0.0.0-20200303150724-9380631c29a1
github.com/subosito/gotenv	v1.6.0
github.com/tevino/abool	v0.0.0-20170917061928-9b9efcf221b5
github.com/uber/jaeger-client-go	v2.25.0%2Bincompatible
github.com/ulikunitz/xz	v0.5.14
github.com/urfave/cli	v1.22.12
github.com/urfave/cli/v2	v2.27.6
github.com/valyala/bytebufferpool	v1.0.0
github.com/valyala/fasttemplate	v1.2.2
github.com/vmware/go-nfs-client	v0.0.0-20190605212624-d43b92724c1b
github.com/vmware/govmomi	v0.23.0
github.com/xanzy/go-gitlab	v0.15.0
github.com/xanzy/ssh-agent	v0.3.3
github.com/xeipuuv/gojsonpointer	v0.0.0-20190905194746-02993c407bfb
github.com/xeipuuv/gojsonreference	v0.0.0-20180127040603-bd5ef7bd5415
github.com/xeipuuv/gojsonschema	v1.2.0
github.com/xi2/xz	v0.0.0-20171230120015-48954b6210f8
github.com/xlab/treeprint	v1.2.0
github.com/xo/terminfo	v0.0.0-20220910002029-abceb7e1c41e
github.com/xrash/smetrics	v0.0.0-20240521201337-686a1a2994c1
github.com/yesnault/go-toml	v0.0.0-20191205182532-f5ef6cee7945
github.com/yosida95/uritemplate/v3	v3.0.2
github.com/yuin/gluare	v0.0.0-20170607022532-d7c94f1a80ed
github.com/yuin/gopher-lua	v0.0.0-20170901023928-8c2befcd3908
go.etcd.io/etcd/api/v3	v3.5.10
go.etcd.io/etcd/client/pkg/v3	v3.5.10
go.etcd.io/etcd/client/v2	v2.305.10
go.etcd.io/etcd/client/v3	v3.5.10
go.opencensus.io	v0.24.0
go.opentelemetry.io/auto/sdk	v1.2.1
go.opentelemetry.io/contrib/instrumentation/google.golang.org/grpc/otelgrpc	v0.67.0
go.opentelemetry.io/contrib/instrumentation/net/http/otelhttp	v0.67.0
go.opentelemetry.io/otel	v1.43.0
go.opentelemetry.io/otel/metric	v1.43.0
go.opentelemetry.io/otel/trace	v1.43.0
go.starlark.net	v0.0.0-20230525235612-a134d8f9ddca
go.uber.org/mock	v0.5.2
go.uber.org/multierr	v1.11.0
go.uber.org/zap	v1.27.0
golang.org/x/crypto	v0.35.0
golang.org/x/crypto	v0.50.0
golang.org/x/exp	v0.0.0-20260410095643-746e56fc9e2f
golang.org/x/net	v0.34.0
golang.org/x/net	v0.53.0
golang.org/x/oauth2	v0.36.0
golang.org/x/sync	v0.20.0
golang.org/x/sys	v0.30.0
golang.org/x/sys	v0.43.0
golang.org/x/term	v0.42.0
golang.org/x/text	v0.22.0
golang.org/x/text	v0.36.0
golang.org/x/time	v0.15.0
golang.org/x/time	v0.8.0
google.golang.org/api	v0.275.0
google.golang.org/genproto	v0.0.0-20260319201613-d00831a3d3e7
google.golang.org/genproto/googleapis/api	v0.0.0-20260319201613-d00831a3d3e7
google.golang.org/genproto/googleapis/rpc	v0.0.0-20260406210006-6f92a3bedf2d
google.golang.org/grpc	v1.80.0
google.golang.org/protobuf	v1.36.11
gopkg.in/AlecAivazis/survey.v1	v1.7.1
gopkg.in/asn1-ber.v1	v1.0.0-20181015200546-f715ec2f112d
gopkg.in/inf.v0	v0.9.1
gopkg.in/ini.v1	v1.67.0
gopkg.in/ldap.v2	v2.5.1
gopkg.in/spacemonkeygo/httpsig.v0	v0.0.0-20170228231032-6732593ec966
gopkg.in/square/go-jose.v2	v2.5.1
gopkg.in/warnings.v0	v0.1.2
gopkg.in/yaml.v2	v2.4.0
gopkg.in/yaml.v3	v3.0.1
helm.sh/helm/v3	v3.14.2
k8s.io/api	v0.29.1
k8s.io/apiextensions-apiserver	v0.29.0
k8s.io/apimachinery	v0.29.1
k8s.io/cli-runtime	v0.29.0
k8s.io/client-go	v0.29.1
k8s.io/helm	v2.17.0%2Bincompatible
k8s.io/klog/v2	v2.110.1
k8s.io/kube-openapi	v0.0.0-20231010175941-2dd684a91f00
k8s.io/utils	v0.0.0-20230726121419-3b25d923346b
layeh.com/gopher-json	v0.0.0-20201124131017-552bb3c4c3bf
oras.land/oras-go	v1.2.5
sigs.k8s.io/json	v0.0.0-20221116044647-bc3834ca7abd
sigs.k8s.io/kustomize/api	v0.13.5-0.20230601165947-6ce0bf390ce3
sigs.k8s.io/kustomize/kyaml	v0.14.3-0.20230601165947-6ce0bf390ce3
sigs.k8s.io/structured-merge-diff/v4	v4.4.1
sigs.k8s.io/yaml	v1.3.0
