cloud.google.com/go	v0.112.2
cloud.google.com/go	v0.114.0
cloud.google.com/go/auth	v0.4.1
cloud.google.com/go/auth	v0.4.2
cloud.google.com/go/auth/oauth2adapt	v0.2.2
cloud.google.com/go/compute/metadata	v0.3.0
cloud.google.com/go/iam	v1.1.8
cloud.google.com/go/kms	v1.16.0
cloud.google.com/go/longrunning	v0.5.7
cloud.google.com/go/pubsub	v1.38.0
cloud.google.com/go/storage	v1.39.1
cloud.google.com/go/storage	v1.40.0
examples	
filippo.io/edwards25519	v1.1.0
github.com/AndreasBriese/bbloom	v0.0.0-20190825152654-46b345b51c96
github.com/BurntSushi/toml	v1.3.2
github.com/CloudyKit/fastprinter	v0.0.0-20200109182630-33d98a066a53
github.com/CloudyKit/jet/v6	v6.2.0
github.com/DATA-DOG/go-sqlmock	v1.5.2
github.com/Joker/hpp	v1.0.0
github.com/Joker/jade	v1.1.3
github.com/Masterminds/goutils	v1.1.1
github.com/Masterminds/semver/v3	v3.2.1
github.com/Masterminds/sprig/v3	v3.2.3
github.com/Microsoft/go-winio	v0.6.0
github.com/OneOfOne/xxhash	v1.2.2
github.com/Shopify/goreferrer	v0.0.0-20220729165902-8cddb4f5de06
github.com/XSAM/otelsql	v0.29.0
github.com/ajg/form	v1.5.1
github.com/alicebob/gopher-json	v0.0.0-20200520072559-a9ecdc9d1d3a
github.com/alicebob/miniredis/v2	v2.33.0
github.com/andybalholm/brotli	v1.0.5
github.com/antlr4-go/antlr/v4	v4.13.0
github.com/arl/statsviz	v0.5.2
github.com/aryann/difflib	v0.0.0-20210328193216-ff5ff6dc229b
github.com/aws/aws-sdk-go	v1.44.296
github.com/aws/aws-sdk-go-v2	v1.26.1
github.com/aws/aws-sdk-go-v2/config	v1.27.13
github.com/aws/aws-sdk-go-v2/credentials	v1.17.13
github.com/aws/aws-sdk-go-v2/feature/ec2/imds	v1.16.1
github.com/aws/aws-sdk-go-v2/internal/configsources	v1.3.5
github.com/aws/aws-sdk-go-v2/internal/endpoints/v2	v2.6.5
github.com/aws/aws-sdk-go-v2/internal/ini	v1.8.0
github.com/aws/aws-sdk-go-v2/service/internal/accept-encoding	v1.11.2
github.com/aws/aws-sdk-go-v2/service/internal/presigned-url	v1.11.7
github.com/aws/aws-sdk-go-v2/service/kms	v1.31.1
github.com/aws/aws-sdk-go-v2/service/sso	v1.20.6
github.com/aws/aws-sdk-go-v2/service/ssooidc	v1.24.0
github.com/aws/aws-sdk-go-v2/service/sts	v1.28.7
github.com/aws/smithy-go	v1.20.2
github.com/aymerick/douceur	v0.2.0
github.com/beorn7/perks	v1.0.1
github.com/bgentry/go-netrc	v0.0.0-20140422174119-9fd32a8b3d3d
github.com/bitfield/script	v0.22.0
github.com/bsm/ginkgo/v2	v2.12.0
github.com/bsm/gomega	v1.27.10
github.com/bytedance/sonic	v1.12.8
github.com/bytedance/sonic	v1.9.1
github.com/bytedance/sonic/loader	v0.2.2
github.com/caddyserver/caddy/v2	v2.8.4
github.com/caddyserver/certmagic	v0.21.3
github.com/caddyserver/zerossl	v0.1.3
github.com/cenkalti/backoff/v4	v4.3.0
github.com/cespare/xxhash	v1.1.0
github.com/cespare/xxhash/v2	v2.2.0
github.com/cespare/xxhash/v2	v2.3.0
github.com/chenzhuoyu/base64x	v0.0.0-20221115062448-fe3a3abad311
github.com/chzyer/logex	v1.2.1
github.com/chzyer/readline	v1.5.1
github.com/chzyer/test	v1.0.0
github.com/cloudwego/base64x	v0.1.5
github.com/cockroachdb/apd	v1.1.0
github.com/codingsince1985/checksum	v1.3.0
github.com/cpuguy83/go-md2man/v2	v2.0.3
github.com/daniel-hutao/spinlock	v0.1.0
github.com/davecgh/go-spew	v1.1.1
github.com/dgraph-io/badger	v1.6.2
github.com/dgraph-io/badger/v2	v2.2007.4
github.com/dgraph-io/ristretto	v0.1.0
github.com/dgryski/go-farm	v0.0.0-20200201041132-a6ae2369ad13
github.com/dgryski/go-rendezvous	v0.0.0-20200823014737-9f7001d12a5f
github.com/dustin/go-humanize	v1.0.1
github.com/dwisiswant0/clientip	v0.3.0
github.com/dwisiswant0/pcregexp	v0.1.0
github.com/ebitengine/purego	v0.8.2
github.com/eclipse/paho.mqtt.golang	v1.4.3
github.com/eknkc/amber	v0.0.0-20171010120322-cdade1c07385
github.com/expr-lang/expr	v1.16.3
github.com/fatih/structs	v1.1.0
github.com/felixge/httpsnoop	v1.0.4
github.com/flosch/pongo2/v4	v4.0.2
github.com/frankban/quicktest	v1.14.4
github.com/gabriel-vasile/mimetype	v1.4.3
github.com/gin-contrib/sse	v0.1.0
github.com/gin-gonic/gin	v1.9.1
github.com/go-chi/chi	v1.5.4
github.com/go-jose/go-jose/v3	v3.0.3
github.com/go-kit/kit	v0.13.0
github.com/go-kit/log	v0.2.1
github.com/go-logfmt/logfmt	v0.6.0
github.com/go-logr/logr	v1.4.1
github.com/go-logr/stdr	v1.2.2
github.com/go-playground/assert/v2	v2.2.0
github.com/go-playground/locales	v0.14.1
github.com/go-playground/universal-translator	v0.18.1
github.com/go-playground/validator/v10	v10.19.0
github.com/go-sql-driver/mysql	v1.7.1
github.com/go-sql-driver/mysql	v1.8.1
github.com/go-task/slim-sprig	v0.0.0-20230315185526-52ccab3ef572
github.com/goccy/go-json	v0.10.2
github.com/gofrs/uuid	v4.0.0%2Bincompatible
github.com/gogo/protobuf	v1.3.2
github.com/golang-jwt/jwt/v5	v5.2.1
github.com/golang/glog	v1.2.0
github.com/golang/groupcache	v0.0.0-20210331224755-41bb18bfe9da
github.com/golang/protobuf	v1.5.4
github.com/golang/snappy	v0.0.4
github.com/google/btree	v1.1.2
github.com/google/cel-go	v0.20.1
github.com/google/certificate-transparency-go	v1.1.8-0.20240110162603-74a5dd331745
github.com/google/go-cmp	v0.6.0
github.com/google/go-querystring	v1.1.0
github.com/google/go-tpm	v0.9.0
github.com/google/go-tspi	v0.3.0
github.com/google/martian/v3	v3.3.2
github.com/google/martian/v3	v3.3.3
github.com/google/pprof	v0.0.0-20231212022811-ec68065c825e
github.com/google/s2a-go	v0.1.7
github.com/google/uuid	v1.6.0
github.com/googleapis/enterprise-certificate-proxy	v0.3.2
github.com/googleapis/gax-go/v2	v2.12.4
github.com/gorilla/css	v1.0.0
github.com/gorilla/mux	v1.8.1
github.com/gorilla/websocket	v1.5.0
github.com/grpc-ecosystem/go-grpc-middleware	v1.4.0
github.com/grpc-ecosystem/grpc-gateway/v2	v2.19.0
github.com/hashicorp/go-cleanhttp	v0.5.2
github.com/hashicorp/go-getter	v1.7.4
github.com/hashicorp/go-getter	v1.7.5
github.com/hashicorp/go-safetemp	v1.0.0
github.com/hashicorp/go-version	v1.6.0
github.com/huandu/xstrings	v1.3.3
github.com/imdario/mergo	v0.3.12
github.com/imkira/go-interpol	v1.1.0
github.com/inconshreveable/mousetrap	v1.1.0
github.com/iris-contrib/httpexpect/v2	v2.12.1
github.com/iris-contrib/schema	v0.0.6
github.com/itchyny/gojq	v0.12.12
github.com/itchyny/timefmt-go	v0.1.5
github.com/jackc/chunkreader/v2	v2.0.1
github.com/jackc/pgconn	v1.14.3
github.com/jackc/pgio	v1.0.0
github.com/jackc/pgmock	v0.0.0-20210724152146-4ad1a8207f65
github.com/jackc/pgpassfile	v1.0.0
github.com/jackc/pgproto3/v2	v2.3.3
github.com/jackc/pgservicefile	v0.0.0-20221227161230-091c0ba34f0a
github.com/jackc/pgtype	v1.14.0
github.com/jackc/pgx/v4	v4.18.3
github.com/jmespath/go-jmespath	v0.4.0
github.com/jmespath/go-jmespath/internal/testify	v1.5.1
github.com/joho/godotenv	v1.5.1
github.com/josharian/intern	v1.0.0
github.com/json-iterator/go	v1.1.12
github.com/kataras/blocks	v0.0.7
github.com/kataras/golog	v0.1.8
github.com/kataras/iris/v12	v12.2.0
github.com/kataras/pio	v0.0.11
github.com/kataras/sitemap	v0.0.6
github.com/kataras/tunnel	v0.0.4
github.com/kballard/go-shellquote	v0.0.0-20180428030007-95032a82bc51
github.com/klauspost/compress	v1.17.8
github.com/klauspost/cpuid/v2	v2.2.7
github.com/kr/pretty	v0.3.1
github.com/kr/text	v0.2.0
github.com/labstack/echo	v3.3.10%2Bincompatible
github.com/labstack/gommon	v0.4.0
github.com/leodido/go-urn	v1.4.0
github.com/lib/pq	v1.10.2
github.com/lib/pq	v1.10.9
github.com/libdns/libdns	v0.2.2
github.com/mailgun/raymond/v2	v2.0.48
github.com/mailru/easyjson	v0.7.7
github.com/manifoldco/promptui	v0.9.0
github.com/mattn/go-colorable	v0.1.13
github.com/mattn/go-isatty	v0.0.20
github.com/mgutz/ansi	v0.0.0-20200706080929-d51e80ef957d
github.com/mholt/acmez/v2	v2.0.1
github.com/microcosm-cc/bluemonday	v1.0.26
github.com/miekg/dns	v1.1.59
github.com/mitchellh/copystructure	v1.2.0
github.com/mitchellh/go-homedir	v1.1.0
github.com/mitchellh/go-ps	v1.0.0
github.com/mitchellh/go-testing-interface	v1.14.1
github.com/mitchellh/go-wordwrap	v1.0.1
github.com/mitchellh/reflectwalk	v1.0.2
github.com/modern-go/concurrent	v0.0.0-20180306012644-bacd9c7ef1dd
github.com/modern-go/reflect2	v1.0.2
github.com/onsi/ginkgo/v2	v2.13.2
github.com/onsi/gomega	v1.29.0
github.com/openzipkin/zipkin-go	v0.4.2
github.com/otiai10/copy	v1.14.0
github.com/otiai10/mint	v1.5.1
github.com/patrickmn/go-cache	v2.1.0%2Bincompatible
github.com/pelletier/go-toml/v2	v2.0.8
github.com/peterbourgon/diskv/v3	v3.0.1
github.com/pierrec/lz4/v4	v4.1.17
github.com/pkg/errors	v0.9.1
github.com/pmezard/go-difflib	v1.0.0
github.com/prashantv/gostub	v1.1.0
github.com/projectdiscovery/blackrock	v0.0.1
github.com/projectdiscovery/mapcidr	v1.1.16
github.com/projectdiscovery/utils	v0.0.64
github.com/prometheus/client_golang	v1.19.1
github.com/prometheus/client_model	v0.5.0
github.com/prometheus/client_model	v0.6.0
github.com/prometheus/common	v0.48.0
github.com/prometheus/procfs	v0.12.0
github.com/quic-go/qpack	v0.4.0
github.com/quic-go/qpack	v0.5.1
github.com/quic-go/quic-go	v0.44.0
github.com/quic-go/quic-go	v0.48.2
github.com/redis/go-redis/extra/rediscmd/v9	v9.0.5
github.com/redis/go-redis/extra/redisotel/v9	v9.0.5
github.com/redis/go-redis/v9	v9.5.1
github.com/remyoudompheng/bigfft	v0.0.0-20230129092748-24d4a6f8daec
github.com/rogpeppe/go-internal	v1.10.0
github.com/rogpeppe/go-internal	v1.11.0
github.com/rs/xid	v1.5.0
github.com/russross/blackfriday/v2	v2.1.0
github.com/saintfish/chardet	v0.0.0-20230101081208-5e3ef4b5456d
github.com/samber/lo	v1.39.0
github.com/sanity-io/litter	v1.5.5
github.com/schollz/closestmatch	v2.1.0%2Bincompatible
github.com/schollz/jsonstore	v1.1.0
github.com/scorpionknifes/go-pcre	v0.0.0-20210805092536-77486363b797
github.com/segmentio/kafka-go	v0.4.47
github.com/sergi/go-diff	v1.2.0
github.com/shopspring/decimal	v1.2.0
github.com/shurcooL/sanitized_anchor_name	v1.0.0
github.com/sirupsen/logrus	v1.9.3
github.com/slackhq/nebula	v1.6.1
github.com/smallstep/assert	v0.0.0-20200723003110-82e2b9b3b262
github.com/smallstep/certificates	v0.26.1
github.com/smallstep/go-attestation	v0.4.4-0.20240109183208-413678f90935
github.com/smallstep/nosql	v0.6.1
github.com/smallstep/pkcs7	v0.0.0-20231024181729-3b98ecc1ca81
github.com/smallstep/scep	v0.0.0-20231024192529-aee96d7ad34d
github.com/smallstep/truststore	v0.13.0
github.com/sourcegraph/conc	v0.3.0
github.com/spaolacci/murmur3	v1.1.0
github.com/spf13/cast	v1.4.1
github.com/spf13/cobra	v1.8.0
github.com/spf13/pflag	v1.0.5
github.com/stoewer/go-strcase	v1.2.0
github.com/stretchr/objx	v0.5.2
github.com/stretchr/testify	v1.9.0
github.com/tailscale/tscert	v0.0.0-20240517230440-bbccfbf48933
github.com/tdewolff/minify/v2	v2.12.4
github.com/tdewolff/parse/v2	v2.6.4
github.com/tdewolff/test	v1.0.7
github.com/teler-sh/dsl	v1.0.2
github.com/twharmon/gouid	v0.6.0
github.com/twitchyliquid64/golang-asm	v0.15.1
github.com/ugorji/go/codec	v1.2.11
github.com/ulikunitz/xz	v0.5.11
github.com/urfave/cli	v1.22.14
github.com/urfave/negroni	v1.0.0
github.com/valyala/bytebufferpool	v1.0.0
github.com/valyala/fastjson	v1.6.3
github.com/valyala/fasttemplate	v1.2.2
github.com/vmihailenco/msgpack/v5	v5.3.5
github.com/vmihailenco/tagparser/v2	v2.0.0
github.com/xdg-go/pbkdf2	v1.0.0
github.com/xdg-go/scram	v1.1.2
github.com/xdg-go/stringprep	v1.0.4
github.com/xeipuuv/gojsonpointer	v0.0.0-20180127040702-4e3ac2762d5f
github.com/xeipuuv/gojsonreference	v0.0.0-20180127040603-bd5ef7bd5415
github.com/xeipuuv/gojsonschema	v1.2.0
github.com/yalp/jsonpath	v0.0.0-20180802001716-5cc68e5049a0
github.com/yosssi/ace	v0.0.5
github.com/yudai/gojsondiff	v1.0.0
github.com/yudai/golcs	v0.0.0-20170316035057-ecda9a501e82
github.com/yuin/gopher-lua	v1.1.1
github.com/zeebo/assert	v1.1.0
github.com/zeebo/blake3	v0.2.3
github.com/zeebo/pcg	v1.0.1
github.com/zenazn/goji	v1.0.1
gitlab.com/golang-commonmark/mdurl	v0.0.0-20191124015652-932350d1cb84
go.einride.tech/aip	v0.67.1
go.etcd.io/bbolt	v1.3.9
go.opencensus.io	v0.24.0
go.opentelemetry.io/contrib/instrumentation/google.golang.org/grpc/otelgrpc	v0.49.0
go.opentelemetry.io/contrib/instrumentation/net/http/httptrace/otelhttptrace	v0.49.0
go.opentelemetry.io/contrib/instrumentation/net/http/otelhttp	v0.49.0
go.opentelemetry.io/otel	v1.24.0
go.opentelemetry.io/otel/exporters/otlp/otlptrace	v1.24.0
go.opentelemetry.io/otel/exporters/otlp/otlptrace/otlptracegrpc	v1.24.0
go.opentelemetry.io/otel/exporters/prometheus	v0.46.0
go.opentelemetry.io/otel/exporters/zipkin	v1.24.0
go.opentelemetry.io/otel/metric	v1.24.0
go.opentelemetry.io/otel/sdk	v1.24.0
go.opentelemetry.io/otel/sdk/metric	v1.24.0
go.opentelemetry.io/otel/trace	v1.24.0
go.opentelemetry.io/proto/otlp	v1.1.0
go.step.sm/cli-utils	v0.9.0
go.step.sm/crypto	v0.45.0
go.step.sm/linkedca	v0.20.1
go.uber.org/automaxprocs	v1.5.3
go.uber.org/goleak	v1.3.0
go.uber.org/mock	v0.4.0
go.uber.org/multierr	v1.11.0
go.uber.org/zap	v1.27.0
go.uber.org/zap/exp	v0.2.0
gofr.dev	v1.9.0
golang.org/x/arch	v0.0.0-20210923205945-b76863e36670
golang.org/x/arch	v0.3.0
golang.org/x/crypto	v0.23.0
golang.org/x/crypto	v0.31.0
golang.org/x/crypto/x509roots/fallback	v0.0.0-20240507223354-67b13616a595
golang.org/x/exp	v0.0.0-20240506185415-9bf2ced13842
golang.org/x/mod	v0.17.0
golang.org/x/net	v0.25.0
golang.org/x/net	v0.30.0
golang.org/x/oauth2	v0.20.0
golang.org/x/sync	v0.10.0
golang.org/x/sync	v0.7.0
golang.org/x/sys	v0.20.0
golang.org/x/sys	v0.28.0
golang.org/x/term	v0.20.0
golang.org/x/term	v0.27.0
golang.org/x/text	v0.15.0
golang.org/x/text	v0.21.0
golang.org/x/time	v0.5.0
golang.org/x/tools	v0.21.0
golang.org/x/tools	v0.21.1-0.20240508182429-e35e4ccd0d2d
golang.org/x/xerrors	v0.0.0-20231012003039-104605ab7028
google.golang.org/api	v0.180.0
google.golang.org/api	v0.182.0
google.golang.org/genproto	v0.0.0-20240401170217-c3f982113cda
google.golang.org/genproto/googleapis/api	v0.0.0-20240506185236-b8a5c65736ae
google.golang.org/genproto/googleapis/api	v0.0.0-20240513163218-0867130af1f8
google.golang.org/genproto/googleapis/rpc	v0.0.0-20240429193739-8cf5692501f6
google.golang.org/genproto/googleapis/rpc	v0.0.0-20240521202816-d264139d666e
google.golang.org/grpc	v1.63.2
google.golang.org/grpc	v1.64.0
google.golang.org/protobuf	v1.34.1
gopkg.in/check.v1	v1.0.0-20201130134442-10cb98267c6c
gopkg.in/ini.v1	v1.67.0
gopkg.in/yaml.v2	v2.4.0
gopkg.in/yaml.v3	v3.0.1
howett.net/plist	v1.0.0
lukechampine.com/uint128	v1.2.0
modernc.org/cc/v3	v3.40.0
modernc.org/ccgo/v3	v3.16.13
modernc.org/httpfs	v1.0.6
modernc.org/libc	v1.22.5
modernc.org/mathutil	v1.5.0
modernc.org/memory	v1.5.0
modernc.org/opt	v0.1.3
modernc.org/sqlite	v1.22.1
modernc.org/strutil	v1.1.3
modernc.org/tcl	v1.15.2
modernc.org/token	v1.0.1
modernc.org/z	v1.7.3
moul.io/http2curl/v2	v2.3.0
mvdan.cc/sh/v3	v3.6.0
tlog.app/go/loc	v0.6.1
tlog.app/go/loc	v0.7.0
