github.com/ajg/form	v1.5.1
github.com/akavel/rsrc	v0.8.0
github.com/andreasbriese/bbloom	v0.0.0-20190306092124-e2d15f34fcf9
github.com/andybalholm/brotli	v1.0.2
github.com/armon/consul-api	v0.0.0-20180202201655-eb2c6b5be1b6
github.com/aymerick/raymond	v2.0.3-0.20180322193309-b565731e1464%2Bincompatible
github.com/burntsushi/toml	v0.3.1
github.com/cloudykit/fastprinter	v0.0.0-20200109182630-33d98a066a53
github.com/cloudykit/jet/v3	v3.0.0
github.com/coreos/etcd	v3.3.10%2Bincompatible
github.com/coreos/go-etcd	v2.0.0%2Bincompatible
github.com/coreos/go-semver	v0.2.0
github.com/cpuguy83/go-md2man	v1.0.10
github.com/daaku/go.zipexe	v1.0.0
github.com/davecgh/go-spew	v1.1.1
github.com/dgraph-io/badger	v1.6.0
github.com/dgrijalva/jwt-go	v3.2.0%2Bincompatible
github.com/dgryski/go-farm	v0.0.0-20190423205320-6a90982ecee2
github.com/dustin/go-humanize	v1.0.0
github.com/eknkc/amber	v0.0.0-20171010120322-cdade1c07385
github.com/etcd-io/bbolt	v1.3.3
github.com/fasthttp-contrib/websocket	v0.0.0-20160511215533-1f3b11f56072
github.com/fatih/structs	v1.1.0
github.com/fsnotify/fsnotify	v1.4.9
github.com/gavv/httpexpect	v2.0.0%2Bincompatible
github.com/geertjohan/go.incremental	v1.0.0
github.com/geertjohan/go.rice	v1.0.0
github.com/gin-contrib/sse	v0.1.0
github.com/gin-gonic/gin	v1.7.0
github.com/go-check/check	v0.0.0-20180628173108-788fd7840127
github.com/go-playground/assert/v2	v2.0.1
github.com/go-playground/locales	v0.13.0
github.com/go-playground/universal-translator	v0.17.0
github.com/go-playground/validator/v10	v10.4.1
github.com/go-task/slim-sprig	v0.0.0-20210107165309-348f09dbbbc0
github.com/gobwas/httphead	v0.0.0-20180130184737-2c6c146eadee
github.com/gobwas/pool	v0.2.0
github.com/gobwas/ws	v1.0.2
github.com/golang/protobuf	v1.5.2
github.com/golang/snappy	v0.0.3
github.com/gomodule/redigo	v1.7.1-0.20190724094224-574c33c3df38
github.com/google/go-cmp	v0.5.5
github.com/google/go-querystring	v1.1.0
github.com/google/gofuzz	v1.0.0
github.com/gopherjs/gopherjs	v0.0.0-20181017120253-0766667cb4d1
github.com/gorilla/websocket	v1.4.1
github.com/hashicorp/go-version	v1.2.0
github.com/hashicorp/hcl	v1.0.0
github.com/hpcloud/tail	v1.0.0
github.com/imkira/go-interpol	v1.1.0
github.com/inconshreveable/mousetrap	v1.0.0
github.com/iris-contrib/blackfriday	v2.0.0%2Bincompatible
github.com/iris-contrib/go.uuid	v2.0.0%2Bincompatible
github.com/iris-contrib/jade	v1.1.3
github.com/iris-contrib/pongo2	v0.0.1
github.com/iris-contrib/schema	v0.0.1
github.com/jessevdk/go-flags	v1.4.0
github.com/joker/hpp	v1.0.0
github.com/json-iterator/go	v1.1.9
github.com/jtolds/gls	v4.20.0%2Bincompatible
github.com/k0kubun/colorstring	v0.0.0-20150214042306-9440f1994b88
github.com/kataras/golog	v0.0.10
github.com/kataras/iris/v12	v12.1.8
github.com/kataras/neffos	v0.0.14
github.com/kataras/pio	v0.0.2
github.com/kataras/sitemap	v0.0.5
github.com/klauspost/compress	v1.13.4
github.com/kr/pretty	v0.1.0
github.com/kr/pty	v1.1.1
github.com/kr/text	v0.1.0
github.com/labstack/echo	v3.3.10%2Bincompatible
github.com/labstack/echo/v4	v4.1.16
github.com/labstack/gommon	v0.3.0
github.com/leodido/go-urn	v1.2.0
github.com/magiconair/properties	v1.8.0
github.com/mattn/go-colorable	v0.1.6
github.com/mattn/go-isatty	v0.0.12
github.com/mattn/goveralls	v0.0.2
github.com/mediocregopher/radix/v3	v3.4.2
github.com/microcosm-cc/bluemonday	v1.0.2
github.com/mitchellh/go-homedir	v1.1.0
github.com/mitchellh/mapstructure	v1.1.2
github.com/modern-go/concurrent	v0.0.0-20180228061459-e0a39a4cb421
github.com/modern-go/reflect2	v0.0.0-20180701023420-4b7aa43c6742
github.com/moul/http2curl	v1.0.0
github.com/nats-io/jwt	v0.3.0
github.com/nats-io/nats.go	v1.9.1
github.com/nats-io/nkeys	v0.1.0
github.com/nats-io/nuid	v1.0.1
github.com/nkovacs/streamquote	v0.0.0-20170412213628-49af9bddb229
github.com/nxadm/tail	v1.4.8
github.com/onsi/ginkgo	v1.16.5
github.com/onsi/gomega	v1.17.0
github.com/pelletier/go-toml	v1.2.0
github.com/pkg/errors	v0.8.1
github.com/pmezard/go-difflib	v1.0.0
github.com/russross/blackfriday	v1.5.2
github.com/ryanuber/columnize	v2.1.0%2Bincompatible
github.com/schollz/closestmatch	v2.1.0%2Bincompatible
github.com/sergi/go-diff	v1.2.0
github.com/shopify/goreferrer	v0.0.0-20181106222321-ec9c9a553398
github.com/shurcool/sanitized_anchor_name	v1.0.0
github.com/smartystreets/assertions	v1.2.0
github.com/smartystreets/goconvey	v1.7.2
github.com/spf13/afero	v1.1.2
github.com/spf13/cast	v1.3.0
github.com/spf13/cobra	v0.0.5
github.com/spf13/jwalterweatherman	v1.0.0
github.com/spf13/pflag	v1.0.3
github.com/spf13/viper	v1.3.2
github.com/stretchr/objx	v0.1.0
github.com/stretchr/testify	v1.5.1
github.com/ugorji/go	v1.1.7
github.com/ugorji/go/codec	v1.1.7
github.com/valyala/bytebufferpool	v1.0.0
github.com/valyala/fasthttp	v1.31.0
github.com/valyala/fasttemplate	v1.1.0
github.com/valyala/tcplisten	v1.0.0
github.com/xeipuuv/gojsonpointer	v0.0.0-20180127040702-4e3ac2762d5f
github.com/xeipuuv/gojsonreference	v0.0.0-20180127040603-bd5ef7bd5415
github.com/xeipuuv/gojsonschema	v1.2.0
github.com/xordataexchange/crypt	v0.0.3-0.20170626215501-b2862e3d0a77
github.com/yalp/jsonpath	v0.0.0-20180802001716-5cc68e5049a0
github.com/yudai/gojsondiff	v1.0.0
github.com/yudai/golcs	v0.0.0-20170316035057-ecda9a501e82
github.com/yudai/pp	v2.0.1%2Bincompatible
github.com/yuin/goldmark	v1.2.1
golang.org/x/crypto	v0.0.0-20210513164829-c07d793c2f9a
golang.org/x/mod	v0.3.0
golang.org/x/net	v0.0.0-20210510120150-4163338589ed
golang.org/x/sync	v0.0.0-20201020160332-67f06af15bc9
golang.org/x/sys	v0.0.0-20210514084401-e8d321eab015
golang.org/x/term	v0.0.0-20201126162022-7de9c90e9dd1
golang.org/x/text	v0.3.6
golang.org/x/tools	v0.0.0-20201224043029-2b0845dc783e
golang.org/x/xerrors	v0.0.0-20200804184101-5ec99f83aff1
google.golang.org/protobuf	v1.26.0
gopkg.in/check.v1	v1.0.0-20190902080502-41f04d3bba15
gopkg.in/fsnotify.v1	v1.4.7
gopkg.in/ini.v1	v1.51.1
gopkg.in/mgo.v2	v2.0.0-20180705113604-9856a29383ce
gopkg.in/tomb.v1	v1.0.0-20141024135613-dd632973f1e7
gopkg.in/yaml.v2	v2.4.0
gopkg.in/yaml.v3	v3.0.0-20191120175047-4206685974f2
