github.com/beorn7/perks	v1.0.1
github.com/cespare/xxhash/v2	v2.2.0
github.com/cespare/xxhash/v2	v2.3.0
github.com/dgryski/go-rendezvous	v0.0.0-20200823014737-9f7001d12a5f
github.com/fatih/color	v1.18.0
github.com/fsnotify/fsnotify	v1.4.9
github.com/gdamore/encoding	v1.0.0
github.com/gdamore/tcell/v2	v2.5.1
github.com/golang/protobuf	v1.5.3
github.com/google/go-cmp	v0.6.0
github.com/google/go-cmp	v0.7.0
github.com/google/uuid	v1.6.0
github.com/hashicorp/hcl	v1.0.0
github.com/hibiken/asynq/tools	
github.com/hibiken/asynq/x	
github.com/hibiken/asynq/x	v0.0.0-20220131170841-349f4c50fb1d
github.com/inconshreveable/mousetrap	v1.0.0
github.com/lucasb-eyer/go-colorful	v1.2.0
github.com/magiconair/properties	v1.8.1
github.com/makenowjust/heredoc/v2	v2.0.1
github.com/mattn/go-colorable	v0.1.13
github.com/mattn/go-isatty	v0.0.20
github.com/mattn/go-runewidth	v0.0.16
github.com/matttproud/golang_protobuf_extensions	v1.0.1
github.com/mitchellh/go-homedir	v1.1.0
github.com/mitchellh/mapstructure	v1.1.2
github.com/munnerz/goautoneg	v0.0.0-20191010083416-a7dc8b61c822
github.com/pelletier/go-toml	v1.2.0
github.com/prometheus/client_golang	v1.11.1
github.com/prometheus/client_golang	v1.20.5
github.com/prometheus/client_model	v0.2.0
github.com/prometheus/client_model	v0.6.1
github.com/prometheus/common	v0.26.0
github.com/prometheus/common	v0.55.0
github.com/prometheus/procfs	v0.15.1
github.com/prometheus/procfs	v0.6.0
github.com/redis/go-redis/v9	v9.14.1
github.com/redis/go-redis/v9	v9.7.0
github.com/rivo/uniseg	v0.2.0
github.com/robfig/cron/v3	v3.0.1
github.com/spf13/afero	v1.1.2
github.com/spf13/cast	v1.10.0
github.com/spf13/cast	v1.7.0
github.com/spf13/cobra	v1.1.1
github.com/spf13/jwalterweatherman	v1.0.0
github.com/spf13/pflag	v1.0.5
github.com/spf13/viper	v1.7.0
github.com/subosito/gotenv	v1.2.0
go.uber.org/goleak	v1.3.0
golang.org/x/exp	v0.0.0-20191030013958-a1ab85dbe136
golang.org/x/sys	v0.26.0
golang.org/x/sys	v0.37.0
golang.org/x/term	v0.0.0-20201210144234-2321bbc49cbf
golang.org/x/text	v0.3.8
golang.org/x/time	v0.14.0
golang.org/x/time	v0.7.0
google.golang.org/protobuf	v1.35.1
google.golang.org/protobuf	v1.36.10
gopkg.in/ini.v1	v1.51.0
gopkg.in/yaml.v2	v2.4.0
