cloud.google.com/go	v0.26.0
github.com/bkaradzic/go-lz4	v1.0.0
github.com/burntsushi/toml	v0.3.1
github.com/census-instrumentation/opencensus-proto	v0.2.1
github.com/clickhouse/clickhouse-go	v1.5.4
github.com/client9/misspell	v0.3.4
github.com/cloudflare/golz4	v0.0.0-20150217214814-ef862a3cdc58
github.com/cpuguy83/go-md2man/v2	v2.0.0-20190314233015-f79a8a8ca69d
github.com/cyberdelia/templates	v0.0.0-20141128023046-ca7fffd4298c
github.com/davecgh/go-spew	v1.1.1
github.com/deepmap/oapi-codegen	v1.3.13
github.com/dgrijalva/jwt-go	v3.2.0%2Bincompatible
github.com/eapache/go-resiliency	v1.2.0
github.com/eapache/go-xerial-snappy	v0.0.0-20180814174437-776d5712da21
github.com/eapache/queue	v1.1.0
github.com/elastic/go-elasticsearch/v8	v8.0.0-20201229214741-2366c2514674
github.com/envoyproxy/go-control-plane	v0.9.1-0.20191026205805-5f8ba28d4473
github.com/envoyproxy/protoc-gen-validate	v0.1.0
github.com/fortytw2/leaktest	v1.3.0
github.com/frankban/quicktest	v1.7.2
github.com/getkin/kin-openapi	v0.13.0
github.com/ghodss/yaml	v1.0.0
github.com/go-chi/chi	v4.0.2%2Bincompatible
github.com/go-sql-driver/mysql	v1.4.0
github.com/golang/glog	v0.0.0-20160126235308-23def4e6c14b
github.com/golang/mock	v1.1.1
github.com/golang/protobuf	v1.4.2
github.com/golang/snappy	v0.0.1
github.com/golangci/lint-1	v0.0.0-20181222135242-d2cdd8c08219
github.com/google/go-cmp	v0.5.0
github.com/google/renameio	v0.1.0
github.com/hashicorp/go-uuid	v1.0.2
github.com/influxdata/influxdb-client-go/v2	v2.2.1
github.com/influxdata/line-protocol	v0.0.0-20200327222509-2487e7298839
github.com/iovisor/gobpf	v0.0.0-20210109143822-fb892541d416
github.com/ip2location/ip2location-go	v8.3.0%2Bincompatible
github.com/jcmturner/gofork	v1.0.0
github.com/jmoiron/sqlx	v1.2.0
github.com/kisielk/gotool	v1.0.0
github.com/klauspost/compress	v1.9.8
github.com/kr/pretty	v0.2.0
github.com/kr/pty	v1.1.1
github.com/kr/text	v0.1.0
github.com/labstack/echo/v4	v4.1.11
github.com/labstack/gommon	v0.3.0
github.com/lib/pq	v1.0.0
github.com/matryer/moq	v0.0.0-20190312154309-6cfb0558e1bd
github.com/mattn/go-colorable	v0.1.4
github.com/mattn/go-isatty	v0.0.10
github.com/mattn/go-sqlite3	v1.9.0
github.com/oschwald/geoip2-golang	v1.4.0
github.com/oschwald/maxminddb-golang	v1.8.0
github.com/pierrec/lz4	v2.4.1%2Bincompatible
github.com/pkg/errors	v0.9.1
github.com/pmezard/go-difflib	v1.0.0
github.com/prometheus/client_model	v0.0.0-20190812154241-14fe0d1b01d4
github.com/rcrowley/go-metrics	v0.0.0-20190826022208-cac0b30c2563
github.com/rogpeppe/go-internal	v1.3.0
github.com/russross/blackfriday/v2	v2.0.1
github.com/sethvargo/go-signalcontext	v0.1.0
github.com/shopify/sarama	v1.26.3
github.com/shopify/toxiproxy	v2.1.4%2Bincompatible
github.com/shurcool/sanitized_anchor_name	v1.0.0
github.com/stretchr/objx	v0.1.0
github.com/stretchr/testify	v1.6.1
github.com/urfave/cli/v2	v2.3.0
github.com/valyala/bytebufferpool	v1.0.0
github.com/valyala/fasttemplate	v1.1.0
github.com/xdg/scram	v0.0.0-20180814205039-7eeb5667e42c
github.com/xdg/stringprep	v1.0.0
go.uber.org/atomic	v1.6.0
go.uber.org/multierr	v1.5.0
go.uber.org/tools	v0.0.0-20190618225709-2cfd321de3ee
go.uber.org/zap	v1.16.0
golang.org/x/crypto	v0.0.0-20200622213623-75b288015ac9
golang.org/x/exp	v0.0.0-20190121172915-509febef88a4
golang.org/x/lint	v0.0.0-20190930215403-16217165b5de
golang.org/x/mod	v0.1.1-0.20191105210325-c90efee705ee
golang.org/x/net	v0.0.0-20200625001655-4c5254603344
golang.org/x/oauth2	v0.0.0-20180821212333-d2e6202438be
golang.org/x/sync	v0.0.0-20190423024810-112230192c58
golang.org/x/sys	v0.0.0-20200625212154-ddb9806d33ae
golang.org/x/text	v0.3.2
golang.org/x/tools	v0.0.0-20200103221440-774c71fcf114
golang.org/x/xerrors	v0.0.0-20191204190536-9bdfabe68543
google.golang.org/appengine	v1.4.0
google.golang.org/genproto	v0.0.0-20200526211855-cb27e3aa2013
google.golang.org/grpc	v1.27.0
google.golang.org/protobuf	v1.25.0
gopkg.in/check.v1	v1.0.0-20190902080502-41f04d3bba15
gopkg.in/errgo.v2	v2.1.0
gopkg.in/jcmturner/aescts.v1	v1.0.1
gopkg.in/jcmturner/dnsutils.v1	v1.0.1
gopkg.in/jcmturner/goidentity.v3	v3.0.0
gopkg.in/jcmturner/gokrb5.v7	v7.5.0
gopkg.in/jcmturner/rpc.v1	v1.1.0
gopkg.in/yaml.v2	v2.3.0
gopkg.in/yaml.v3	v3.0.0-20200615113413-eeeca48fe776
honnef.co/go/tools	v0.0.1-2019.2.3
